method,target_rate,actual_trigger_rate,mean_acc,std_acc,avg_tokens,helpful,harmful,wrong_to_wrong
GBDT threshold30 strict,0.3,0.324,63.0,0.7211102550927985,2808.9646666666667,156,0,103
GBDT threshold50 strict,0.5,0.5113333333333333,63.800000000000004,0.7211102550927985,3636.7093333333337,168,0,188
