method,mean_acc,std_acc,avg_tokens,trigger_rate,helpful,harmful,wrong_to_wrong,avg_latency_ms
GBDT top30 strict,62.53333333333333,0.4618802153517011,2681.7386666666666,0.3,149,0,93,47878.95133333333
GBDT top50 strict,63.800000000000004,0.7211102550927985,3589.5766666666664,0.5,168,0,184,66810.41333333333
Trace top30 strict,60.66666666666666,0.4618802153517011,2747.334666666667,0.3,121,0,116,47793.52333333334
Trace top50 strict,62.73333333333334,1.1015141094572214,3635.361333333333,0.5,152,0,205,66939.13733333333
Random top30 strict,55.99333333333334,0.8114612334137388,1891.4124733333335,0.3000000000000005,52,0,119,0.0
Random top50 strict,58.242000000000004,0.5777923502436042,2759.0678666666668,0.5,84,0,198,0.0
Heuristic strict,63.0,0.8717797887081356,3811.7953333333335,0.5793333333333334,156,0,314,73721.61
