method,mean_acc,avg_tokens,helpful,harmful,wrong_to_wrong,trigger_rate,adoption_rate
GBDT top30 main,63.0,2681.7386666666666,158,2,101,0.3,0.24733333333333332
GBDT top30 strict,62.53333333333333,2681.7386666666666,149,0,93,0.3,0.23466666666666666
GBDT top50 main,64.26666666666667,3589.5766666666664,177,2,193,0.5,0.42533333333333334
GBDT top50 strict,63.800000000000004,3589.5766666666664,168,0,184,0.5,0.412
