method,seed17_acc,seed7_acc,seed23_acc,mean_acc,std_acc,avg_tokens,harmful,helpful,trigger_rate,adoption_rate,avg_latency_ms
`/no_think`,53.400000000000006,51.4,53.0,52.6,1.0583005244258372,610.7706666666667,0,0,0.0,0.0,10024.377333333334
SC@3 `/no_think`,54.2,53.800000000000004,55.00000000000001,54.333333333333336,0.6110100926607792,1824.1506666666667,0,0,0.0,0.0,7631.151999999999
always `/think@8k`,64.2,63.4,63.6,63.733333333333334,0.41633319989322687,3867.8253333333328,0,0,0.0,0.0,53697.894
always `/think@12k`,65.4,64.8,64.0,64.73333333333335,0.7023769168568499,4303.149333333334,0,0,0.0,0.0,96504.386
GBDT top30 strict,62.8,62.8,62.0,62.53333333333333,0.4618802153517011,2681.7386666666666,0,149,0.3,0.23466666666666666,47878.95133333333
GBDT top50 strict,64.4,64.0,63.0,63.800000000000004,0.7211102550927985,3589.5766666666664,0,168,0.5,0.412,66810.41333333333
Trace top50 strict,64.0,62.2,62.0,62.73333333333334,1.1015141094572214,3635.361333333333,0,152,0.5,0.41,66939.13733333333
Random top50 strict,58.88000000000003,57.75399999999997,58.09200000000004,58.242000000000004,0.5777923502436042,2759.0678666666668,0,84,0.5,0.4412399999999999,58276.57033333334
Heuristic strict,64.0,62.6,62.4,63.0,0.8717797887081356,3811.7953333333335,0,156,0.5793333333333334,0.47933333333333333,73721.61
